{
  "gizmos-infos": {
    "is2D": false,
    "is3DIcon": false,
    "iconSize": 2,
    "gridVisible": true,
    "gridColor": [
      150,
      150,
      150,
      255
    ],
    "isIconGizmo3D": false,
    "iconGizmoSize": 2,
    "isGridVisible": true
  },
  "camera": {
    "fov": 45,
    "far": 10000,
    "near": 0.01,
    "color": [
      48,
      48,
      48,
      255
    ],
    "wheelSpeed": 0.01,
    "wanderSpeed": 10,
    "enableAcceleration": true,
    "far2D": 10000,
    "near2D": 1,
    "wheelSpeed2D": 6
  },
  "camera-infos": {
    "f46876e4-e81b-4931-b493-6d367be385e7": {
      "position": {
        "x": 50,
        "y": 50,
        "z": 50
      },
      "rotation": {
        "x": -0.27984814233312133,
        "y": 0.3647051996310009,
        "z": 0.11591689595929514,
        "w": 0.8804762392171493
      },
      "viewCenter": {
        "x": 0,
        "y": 0,
        "z": 0
      }
    },
    "0bab24c7-7760-44aa-a28e-cb1c0d631414": {
      "position": {
        "x": 932.0355332678066,
        "y": 559.9217638061959,
        "z": 1804.5634706013238
      },
      "rotation": {
        "x": -0.011073846037165165,
        "y": -0.023315277671821774,
        "z": -0.00025843064840912715,
        "w": 0.9996667528299893
      },
      "viewCenter": {
        "x": 971.6744217722878,
        "y": 541.0822798055738,
        "z": 955.246394873031
      }
    }
  },
  "camera-uuids": [
    "0bab24c7-7760-44aa-a28e-cb1c0d631414"
  ],
  "float-window": {
    "position": {
      "cc": {
        "Camera": {
          "dock": false,
          "top": null,
          "bottom": 10,
          "left": null,
          "right": 10
        }
      }
    }
  }
}
